,Speed(RPM),Torque(kg.cm),Coil Dia,Coil R,Coil Turn,Core Thick,Core Dia,Poles,label
0,6878.0,0.5,0.28,86.0,450.0,26.5,88.0,8.0,0.0
1,4818.0,1.0,0.28,86.0,450.0,26.5,88.0,8.0,0.0
2,3683.0,1.5,0.28,86.0,450.0,26.5,88.0,8.0,0.0
3,1100.0,1.7,0.27,105.3,565.0,22.0,87.0,8.0,0.0
4,1080.0,1.8,0.27,105.3,565.0,22.0,87.0,8.0,0.0
5,1060.0,2.0,0.27,105.3,565.0,22.0,87.0,8.0,0.0
6,2984.0,2.0,0.28,86.0,450.0,26.5,88.0,8.0,0.0
7,2548.0,2.5,0.28,86.0,450.0,26.5,88.0,8.0,0.0
8,2548.0,2.5,0.37,24.5,360.0,35.0,95.0,8.0,2.0
9,980.0,2.8,0.27,105.3,565.0,22.0,87.0,8.0,0.0
10,960.0,3.0,0.27,105.3,565.0,22.0,87.0,8.0,0.0
11,2228.0,3.0,0.28,86.0,450.0,26.5,88.0,8.0,0.0
12,940.0,3.3,0.27,105.3,565.0,22.0,87.0,8.0,0.0
13,920.0,3.5,0.27,105.3,565.0,22.0,87.0,8.0,0.0
14,1991.0,3.5,0.28,86.0,450.0,26.5,88.0,8.0,0.0
15,880.0,4.0,0.27,105.3,565.0,22.0,87.0,8.0,0.0
16,1591.0,5.0,0.28,86.0,450.0,26.5,88.0,8.0,0.0
17,1678.0,5.0,0.37,24.5,360.0,35.0,95.0,8.0,2.0
18,1494.0,5.5,0.28,86.0,450.0,26.5,88.0,8.0,0.0
19,1408.0,6.0,0.28,86.0,450.0,26.5,88.0,8.0,0.0
20,1335.0,6.5,0.28,86.0,450.0,26.5,88.0,8.0,0.0
21,1267.0,7.0,0.28,86.0,450.0,26.5,88.0,8.0,0.0
22,1195.0,7.5,0.28,86.0,450.0,26.5,88.0,8.0,0.0
23,1341.0,7.5,0.37,24.5,360.0,35.0,95.0,8.0,2.0
24,1145.0,10.0,0.37,24.5,360.0,35.0,95.0,8.0,2.0
25,1032.0,12.5,0.37,24.5,360.0,35.0,95.0,8.0,2.0
26,932.0,15.0,0.37,24.5,360.0,35.0,95.0,8.0,2.0
27,874.0,17.5,0.37,24.5,360.0,35.0,95.0,8.0,2.0
28,2884.0,0.0,0.25,119.5,550.0,10.0,87.0,8.0,0.0
29,2918.0,0.1,0.25,119.5,550.0,10.0,87.0,8.0,0.0
30,2918.0,0.1,0.25,119.5,550.0,10.0,87.0,8.0,0.0
31,2003.0,0.1,0.25,60.0,390.0,10.0,88.0,10.0,0.0
32,2006.0,0.2,0.25,60.0,390.0,10.0,88.0,10.0,0.0
33,3359.0,0.3,0.25,82.5,620.0,13.0,88.0,8.0,0.0
34,2738.0,0.3,0.25,119.5,550.0,10.0,87.0,8.0,0.0
35,2738.0,0.3,0.25,119.5,550.0,10.0,87.0,8.0,0.0
36,2007.0,0.3,0.25,60.0,390.0,10.0,88.0,10.0,0.0
37,2716.0,0.3,0.25,119.5,550.0,10.0,87.0,8.0,0.0
38,2009.0,0.4,0.25,60.0,390.0,10.0,88.0,10.0,0.0
39,2744.0,0.5,0.25,82.5,620.0,13.0,88.0,8.0,0.0
40,3779.0,0.5,0.25,136.2,630.0,22.0,88.0,8.0,0.0
41,3907.0,0.5,0.25,136.2,630.0,22.0,88.0,8.0,0.0
42,6015.0,0.5,0.28,50.1,420.0,13.0,88.0,8.0,0.0
43,1999.0,0.5,0.25,60.0,390.0,10.0,88.0,10.0,0.0
44,2563.7,0.6,0.25,119.5,550.0,10.0,87.0,8.0,0.0
45,4200.0,0.6,0.37,45.0,320.0,32.5,104.0,8.0,2.0
46,2575.0,0.6,0.25,119.5,550.0,10.0,87.0,8.0,0.0
47,2575.0,0.6,0.25,119.5,550.0,10.0,87.0,8.0,0.0
48,1992.0,0.6,0.25,60.0,390.0,10.0,88.0,10.0,0.0
49,4100.0,0.7,0.37,45.0,320.0,32.5,104.0,8.0,2.0
50,1982.0,0.7,0.25,60.0,390.0,10.0,88.0,10.0,0.0
51,3989.0,0.8,0.37,45.0,320.0,32.5,104.0,8.0,2.0
52,1985.0,0.8,0.25,60.0,390.0,10.0,88.0,10.0,0.0
53,2432.9,0.8,0.25,119.5,550.0,10.0,87.0,8.0,0.0
54,3822.0,0.9,0.37,45.0,320.0,32.5,104.0,8.0,2.0
55,2445.0,0.9,0.25,119.5,550.0,10.0,87.0,8.0,0.0
56,2445.0,0.9,0.25,119.5,550.0,10.0,87.0,8.0,0.0
57,1980.0,0.9,0.25,60.0,390.0,10.0,88.0,10.0,0.0
58,2769.0,1.0,0.25,136.2,630.0,22.0,88.0,8.0,0.0
59,2804.0,1.0,0.25,136.2,630.0,22.0,88.0,8.0,0.0
60,3701.0,1.0,0.37,45.0,320.0,32.5,104.0,8.0,2.0
61,4220.0,1.0,0.28,50.1,420.0,13.0,88.0,8.0,0.0
62,1993.0,1.0,0.25,60.0,390.0,10.0,88.0,10.0,0.0
63,2315.1,1.1,0.25,119.5,550.0,10.0,87.0,8.0,0.0
64,1985.0,1.1,0.25,82.5,620.0,13.0,88.0,8.0,0.0
65,3579.0,1.1,0.37,45.0,320.0,32.5,104.0,8.0,2.0
66,2308.0,1.1,0.25,119.5,550.0,10.0,87.0,8.0,0.0
67,2308.0,1.1,0.25,119.5,550.0,10.0,87.0,8.0,0.0
68,2345.0,1.1,0.28,60.0,580.0,7.5,94.0,8.0,0.0
69,3450.0,1.2,0.37,45.0,320.0,32.5,104.0,8.0,2.0
70,1986.0,1.2,0.25,60.0,390.0,10.0,88.0,10.0,0.0
71,3343.0,1.3,0.37,45.0,320.0,32.5,104.0,8.0,2.0
72,1991.0,1.3,0.25,60.0,390.0,10.0,88.0,10.0,0.0
73,2299.0,1.3,0.28,60.0,580.0,7.5,94.0,8.0,0.0
74,2206.2,1.3,0.25,119.5,550.0,10.0,87.0,8.0,0.0
75,3232.0,1.4,0.37,45.0,320.0,32.5,104.0,8.0,2.0
76,2199.0,1.4,0.25,119.5,550.0,10.0,87.0,8.0,0.0
77,1984.0,1.4,0.25,60.0,390.0,10.0,88.0,10.0,0.0
78,1789.0,1.5,0.25,82.5,620.0,13.0,88.0,8.0,0.0
79,2263.0,1.5,0.25,136.2,630.0,22.0,88.0,8.0,0.0
80,2259.0,1.5,0.25,136.2,630.0,22.0,88.0,8.0,0.0
81,3147.0,1.5,0.37,45.0,320.0,32.5,104.0,8.0,2.0
82,3554.0,1.5,0.28,50.1,420.0,13.0,88.0,8.0,0.0
83,1991.0,1.5,0.25,60.0,390.0,10.0,88.0,10.0,0.0
84,2252.0,1.5,0.28,60.0,580.0,7.5,94.0,8.0,0.0
85,2108.6,1.6,0.25,119.5,550.0,10.0,87.0,8.0,0.0
86,3062.0,1.6,0.37,45.0,320.0,32.5,104.0,8.0,2.0
87,2946.0,1.7,0.37,45.0,320.0,32.5,104.0,8.0,2.0
88,2090.0,1.7,0.25,119.5,550.0,10.0,87.0,8.0,0.0
89,2090.0,1.7,0.25,119.5,550.0,10.0,87.0,8.0,0.0
90,1994.0,1.7,0.25,60.0,390.0,10.0,88.0,10.0,0.0
91,2887.0,1.8,0.37,45.0,320.0,32.5,104.0,8.0,2.0
92,2189.0,1.8,0.28,60.0,580.0,7.5,94.0,8.0,0.0
93,2024.0,1.8,0.25,119.5,550.0,10.0,87.0,8.0,0.0
94,2827.0,1.9,0.37,45.0,320.0,32.5,104.0,8.0,2.0
95,1991.0,1.9,0.25,60.0,390.0,10.0,88.0,10.0,0.0
96,2166.0,1.9,0.28,60.0,580.0,7.5,94.0,8.0,0.0
97,1596.0,2.0,0.25,82.5,620.0,13.0,88.0,8.0,0.0
98,1917.0,2.0,0.25,136.2,630.0,22.0,88.0,8.0,0.0
99,1914.0,2.0,0.25,136.2,630.0,22.0,88.0,8.0,0.0
100,2738.0,2.0,0.37,45.0,320.0,32.5,104.0,8.0,2.0
101,3166.0,2.0,0.28,50.1,420.0,13.0,88.0,8.0,0.0
102,1943.3,2.1,0.25,119.5,550.0,10.0,87.0,8.0,0.0
103,2679.0,2.1,0.37,45.0,320.0,32.5,104.0,8.0,2.0
104,1993.0,2.1,0.25,60.0,390.0,10.0,88.0,10.0,0.0
105,2120.0,2.1,0.28,60.0,580.0,7.5,94.0,8.0,0.0
106,2620.0,2.2,0.37,45.0,320.0,32.5,104.0,8.0,2.0
107,1910.0,2.2,0.25,119.5,550.0,10.0,87.0,8.0,0.0
108,1910.0,2.2,0.25,119.5,550.0,10.0,87.0,8.0,0.0
109,2531.0,2.3,0.37,45.0,320.0,32.5,104.0,8.0,2.0
110,2074.0,2.3,0.28,60.0,580.0,7.5,94.0,8.0,0.0
111,1870.1,2.3,0.25,119.5,550.0,10.0,87.0,8.0,0.0
112,2501.0,2.4,0.37,45.0,320.0,32.5,104.0,8.0,2.0
113,2051.0,2.4,0.28,60.0,580.0,7.5,94.0,8.0,0.0
114,1449.0,2.5,0.25,82.5,620.0,13.0,88.0,8.0,0.0
115,1644.0,2.5,0.25,136.2,630.0,22.0,88.0,8.0,0.0
116,1679.0,2.5,0.25,136.2,630.0,22.0,88.0,8.0,0.0
117,2442.0,2.5,0.37,45.0,320.0,32.5,104.0,8.0,2.0
118,2846.0,2.5,0.28,50.1,420.0,13.0,88.0,8.0,0.0
119,1833.0,2.5,0.25,119.5,550.0,10.0,87.0,8.0,0.0
120,1833.0,2.5,0.25,119.5,550.0,10.0,87.0,8.0,0.0
121,1803.8,2.6,0.25,119.5,550.0,10.0,87.0,8.0,0.0
122,2382.0,2.6,0.37,45.0,320.0,32.5,104.0,8.0,2.0
123,2006.0,2.6,0.28,60.0,580.0,7.5,94.0,8.0,0.0
124,2352.0,2.7,0.37,45.0,320.0,32.5,104.0,8.0,2.0
125,1923.0,2.7,0.25,60.0,390.0,10.0,88.0,10.0,0.0
126,1980.0,2.7,0.28,60.0,580.0,7.5,94.0,8.0,0.0
127,2294.0,2.8,0.37,45.0,320.0,32.5,104.0,8.0,2.0
128,1770.0,2.8,0.25,119.5,550.0,10.0,87.0,8.0,0.0
129,1770.0,2.8,0.25,119.5,550.0,10.0,87.0,8.0,0.0
130,1857.0,2.8,0.25,60.0,390.0,10.0,88.0,10.0,0.0
131,1954.0,2.8,0.28,60.0,580.0,7.5,94.0,8.0,0.0
132,1747.1,2.9,0.25,119.5,550.0,10.0,87.0,8.0,0.0
133,2264.0,2.9,0.37,45.0,320.0,32.5,104.0,8.0,2.0
134,1784.0,2.9,0.25,60.0,390.0,10.0,88.0,10.0,0.0
135,1927.0,2.9,0.28,60.0,580.0,7.5,94.0,8.0,0.0
136,1474.0,3.0,0.25,136.2,630.0,22.0,88.0,8.0,0.0
137,1515.0,3.0,0.25,136.2,630.0,22.0,88.0,8.0,0.0
138,2205.0,3.0,0.37,45.0,320.0,32.5,104.0,8.0,2.0
139,2594.0,3.0,0.28,50.1,420.0,13.0,88.0,8.0,0.0
140,1897.0,3.0,0.28,60.0,580.0,7.5,94.0,8.0,0.0
141,1319.0,3.1,0.25,82.5,620.0,13.0,88.0,8.0,0.0
142,2147.0,3.1,0.37,45.0,320.0,32.5,104.0,8.0,2.0
143,1706.0,3.1,0.25,119.5,550.0,10.0,87.0,8.0,0.0
144,1706.0,3.1,0.25,119.5,550.0,10.0,87.0,8.0,0.0
145,1865.0,3.1,0.28,60.0,580.0,7.5,94.0,8.0,0.0
146,1695.4,3.1,0.25,119.5,550.0,10.0,87.0,8.0,0.0
147,2118.0,3.2,0.37,45.0,320.0,32.5,104.0,8.0,2.0
148,1604.0,3.2,0.25,60.0,390.0,10.0,88.0,10.0,0.0
149,1833.0,3.2,0.28,60.0,580.0,7.5,94.0,8.0,0.0
150,2090.0,3.3,0.37,45.0,320.0,32.5,104.0,8.0,2.0
151,1655.0,3.3,0.25,119.5,550.0,10.0,87.0,8.0,0.0
152,1655.0,3.3,0.25,119.5,550.0,10.0,87.0,8.0,0.0
153,1804.0,3.3,0.28,60.0,580.0,7.5,94.0,8.0,0.0
154,1647.1,3.4,0.25,119.5,550.0,10.0,87.0,8.0,0.0
155,2061.0,3.4,0.37,45.0,320.0,32.5,104.0,8.0,2.0
156,1516.0,3.4,0.25,60.0,390.0,10.0,88.0,10.0,0.0
157,1739.0,3.4,0.28,60.0,580.0,7.5,94.0,8.0,0.0
158,1343.0,3.5,0.25,136.2,630.0,22.0,88.0,8.0,0.0
159,1396.0,3.5,0.25,136.2,630.0,22.0,88.0,8.0,0.0
160,2004.0,3.5,0.37,45.0,320.0,32.5,104.0,8.0,2.0
161,2364.0,3.5,0.28,50.1,420.0,13.0,88.0,8.0,0.0
162,1686.0,3.5,0.28,60.0,580.0,7.5,94.0,8.0,0.0
163,1214.0,3.6,0.25,82.5,620.0,13.0,88.0,8.0,0.0
164,1976.0,3.6,0.37,45.0,320.0,32.5,104.0,8.0,2.0
165,1604.0,3.6,0.25,119.5,550.0,10.0,87.0,8.0,0.0
166,1604.0,3.6,0.25,119.5,550.0,10.0,87.0,8.0,0.0
167,1619.0,3.6,0.28,60.0,580.0,7.5,94.0,8.0,0.0
168,1590.2,3.6,0.25,119.5,550.0,10.0,87.0,8.0,0.0
169,1947.0,3.7,0.37,45.0,320.0,32.5,104.0,8.0,2.0
170,1551.0,3.7,0.28,60.0,580.0,7.5,94.0,8.0,0.0
171,1920.0,3.8,0.37,45.0,320.0,32.5,104.0,8.0,2.0
172,1460.0,3.8,0.28,60.0,580.0,7.5,94.0,8.0,0.0
173,1482.0,3.9,0.25,119.5,550.0,10.0,87.0,8.0,0.0
174,1546.0,3.9,0.25,119.5,550.0,10.0,87.0,8.0,0.0
175,1546.0,3.9,0.25,119.5,550.0,10.0,87.0,8.0,0.0
176,1350.0,3.9,0.28,60.0,580.0,7.5,94.0,8.0,0.0
177,1865.0,4.0,0.37,45.0,320.0,32.5,104.0,8.0,2.0
178,1998.0,4.0,0.28,50.1,420.0,13.0,88.0,8.0,0.0
179,1239.0,4.0,0.28,60.0,580.0,7.5,94.0,8.0,0.0
180,1120.0,4.1,0.25,82.5,620.0,13.0,88.0,8.0,0.0
181,1837.0,4.1,0.37,45.0,320.0,32.5,104.0,8.0,2.0
182,1102.0,4.1,0.28,60.0,580.0,7.5,94.0,8.0,0.0
183,1810.0,4.2,0.37,45.0,320.0,32.5,104.0,8.0,2.0
184,1783.0,4.4,0.37,45.0,320.0,32.5,104.0,8.0,2.0
185,1177.0,4.5,0.25,136.2,630.0,22.0,88.0,8.0,0.0
186,1035.0,4.6,0.25,82.5,620.0,13.0,88.0,8.0,0.0
187,1730.0,4.6,0.37,45.0,320.0,32.5,104.0,8.0,2.0
188,1678.0,4.9,0.37,45.0,320.0,32.5,104.0,8.0,2.0
189,1108.0,5.0,0.25,136.2,630.0,22.0,88.0,8.0,0.0
190,1139.0,5.0,0.25,136.2,630.0,22.0,88.0,8.0,0.0
191,1678.0,5.0,0.37,45.0,320.0,32.5,104.0,8.0,2.0
192,922.0,5.1,0.25,82.5,620.0,13.0,88.0,8.0,0.0
193,1048.0,5.5,0.25,136.2,630.0,22.0,88.0,8.0,0.0
194,1072.0,5.5,0.25,136.2,630.0,22.0,88.0,8.0,0.0
195,1554.0,5.7,0.37,45.0,320.0,32.5,104.0,8.0,2.0
196,991.0,6.0,0.25,136.2,630.0,22.0,88.0,8.0,0.0
197,1022.0,6.0,0.25,136.2,630.0,22.0,88.0,8.0,0.0
198,941.0,6.5,0.25,136.2,630.0,22.0,88.0,8.0,0.0
199,962.0,6.5,0.25,136.2,630.0,22.0,88.0,8.0,0.0
200,1442.0,6.7,0.37,45.0,320.0,32.5,104.0,8.0,2.0
201,919.0,7.0,0.25,136.2,630.0,22.0,88.0,8.0,0.0
202,896.0,7.1,0.25,136.2,630.0,22.0,88.0,8.0,0.0
203,1400.0,7.3,0.37,45.0,320.0,32.5,104.0,8.0,2.0
204,1379.0,7.6,0.37,45.0,320.0,32.5,104.0,8.0,2.0
205,1358.0,7.7,0.37,45.0,320.0,32.5,104.0,8.0,2.0
206,1358.0,7.9,0.37,45.0,320.0,32.5,104.0,8.0,2.0
207,806.0,9.0,0.25,136.2,630.0,22.0,88.0,8.0,0.0
208,1196.0,10.3,0.37,45.0,320.0,32.5,104.0,8.0,2.0
209,1158.0,11.2,0.37,45.0,320.0,32.5,104.0,8.0,2.0
210,1121.0,12.0,0.37,45.0,320.0,32.5,104.0,8.0,2.0
211,1050.0,13.6,0.37,45.0,320.0,32.5,104.0,8.0,2.0
212,1016.0,14.5,0.37,45.0,320.0,32.5,104.0,8.0,2.0
213,967.0,15.8,0.37,45.0,320.0,32.5,104.0,8.0,2.0
214,927.0,16.6,0.37,45.0,320.0,32.5,104.0,8.0,2.0
215,892.0,17.2,0.37,45.0,320.0,32.5,104.0,8.0,2.0
216,868.0,17.6,0.37,45.0,320.0,32.5,104.0,8.0,2.0
217,837.0,17.8,0.37,45.0,320.0,32.5,104.0,8.0,2.0
218,789.0,18.2,0.37,45.0,320.0,32.5,104.0,8.0,2.0
219,742.0,18.5,0.37,45.0,320.0,32.5,104.0,8.0,2.0
220,703.0,18.7,0.37,45.0,320.0,32.5,104.0,8.0,2.0
221,683.0,18.8,0.37,45.0,320.0,32.5,104.0,8.0,2.0
222,649.0,18.9,0.37,45.0,320.0,32.5,104.0,8.0,2.0
223,616.0,19.0,0.37,45.0,320.0,32.5,104.0,8.0,2.0
224,581.0,19.1,0.37,45.0,320.0,32.5,104.0,8.0,2.0
225,558.0,19.2,0.37,45.0,320.0,32.5,104.0,8.0,2.0
226,2925.0,2.0,0.28,87.0,450.0,26.5,88.0,8.0,0.0
227,1395.0,2.0,0.52,18.85,218.0,42.0,107.0,10.0,2.0
228,1395.0,2.0,0.52,18.85,218.0,42.0,107.0,10.0,2.0
229,2491.0,2.5,0.28,87.0,450.0,26.5,88.0,8.0,0.0
230,3880.0,3.0,0.35,38.0,340.0,21.0,104.0,8.0,2.0
231,3573.0,3.0,0.35,38.0,340.0,21.0,104.0,8.0,2.0
232,2039.0,3.5,0.28,87.0,450.0,26.5,88.0,8.0,0.0
233,3431.0,3.5,0.35,38.0,340.0,21.0,104.0,8.0,2.0
234,3996.0,3.5,0.37,34.2,320.0,21.0,104.0,8.0,2.0
235,3996.0,3.5,0.4,36.6,300.0,32.5,104.0,8.0,2.0
236,3996.0,3.5,0.4,36.6,300.0,32.5,104.0,8.0,2.0
237,3515.0,3.5,0.35,38.0,340.0,21.0,104.0,8.0,2.0
238,3106.0,4.0,0.35,38.0,340.0,21.0,104.0,8.0,2.0
239,3650.0,4.0,0.37,34.2,320.0,21.0,104.0,8.0,2.0
240,1355.0,4.0,0.52,18.85,218.0,42.0,107.0,10.0,2.0
241,1355.0,4.0,0.52,18.85,218.0,42.0,107.0,10.0,2.0
242,3650.0,4.0,0.4,36.6,300.0,32.5,104.0,8.0,2.0
243,3650.0,4.0,0.4,36.6,300.0,32.5,104.0,8.0,2.0
244,3182.0,4.0,0.35,38.0,340.0,21.0,104.0,8.0,2.0
245,2849.0,4.5,0.35,38.0,340.0,21.0,104.0,8.0,2.0
246,3350.0,4.5,0.37,34.2,320.0,21.0,104.0,8.0,2.0
247,3350.0,4.5,0.4,36.6,300.0,32.5,104.0,8.0,2.0
248,3350.0,4.5,0.4,36.6,300.0,32.5,104.0,8.0,2.0
249,2930.0,4.5,0.35,38.0,340.0,21.0,104.0,8.0,2.0
250,2605.0,5.0,0.35,38.0,340.0,21.0,104.0,8.0,2.0
251,3083.0,5.0,0.37,34.2,320.0,21.0,104.0,8.0,2.0
252,3083.0,5.0,0.4,36.6,300.0,32.5,104.0,8.0,2.0
253,3083.0,5.0,0.4,36.6,300.0,32.5,104.0,8.0,2.0
254,2699.0,5.0,0.35,38.0,340.0,21.0,104.0,8.0,2.0
255,2992.0,5.4,0.4,36.6,300.0,32.5,104.0,8.0,2.0
256,2992.0,5.4,0.4,36.6,300.0,32.5,104.0,8.0,2.0
257,1567.0,5.5,0.28,87.0,450.0,26.5,88.0,8.0,0.0
258,2429.0,5.5,0.35,38.0,340.0,21.0,104.0,8.0,2.0
259,2870.0,5.5,0.37,34.2,320.0,21.0,104.0,8.0,2.0
260,2523.0,5.5,0.35,38.0,340.0,21.0,104.0,8.0,2.0
261,1477.0,6.0,0.28,87.0,450.0,26.5,88.0,8.0,0.0
262,1322.0,6.0,0.52,18.85,218.0,42.0,107.0,10.0,2.0
263,1322.0,6.0,0.52,18.85,218.0,42.0,107.0,10.0,2.0
264,2602.0,6.4,0.4,36.6,300.0,32.5,104.0,8.0,2.0
265,2602.0,6.4,0.4,36.6,300.0,32.5,104.0,8.0,2.0
266,1400.0,6.5,0.28,87.0,450.0,26.5,88.0,8.0,0.0
267,2139.0,6.5,0.35,38.0,340.0,21.0,104.0,8.0,2.0
268,2230.0,6.5,0.35,38.0,340.0,21.0,104.0,8.0,2.0
269,2167.0,6.9,0.35,38.0,340.0,21.0,104.0,8.0,2.0
270,1322.0,7.0,0.28,87.0,450.0,26.5,88.0,8.0,0.0
271,2395.0,7.0,0.37,34.2,320.0,21.0,104.0,8.0,2.0
272,1290.0,8.0,0.52,18.85,218.0,42.0,107.0,10.0,2.0
273,1290.0,8.0,0.52,18.85,218.0,42.0,107.0,10.0,2.0
274,2077.0,8.5,0.37,34.2,320.0,21.0,104.0,8.0,2.0
275,1874.0,8.5,0.35,38.0,340.0,21.0,104.0,8.0,2.0
276,2024.0,9.0,0.4,36.6,300.0,32.5,104.0,8.0,2.0
277,2024.0,9.0,0.4,36.6,300.0,32.5,104.0,8.0,2.0
278,1943.0,9.4,0.4,36.6,300.0,32.5,104.0,8.0,2.0
279,1943.0,9.4,0.4,36.6,300.0,32.5,104.0,8.0,2.0
280,1727.0,9.4,0.35,38.0,340.0,21.0,104.0,8.0,2.0
281,1584.0,10.0,0.35,38.0,340.0,21.0,104.0,8.0,2.0
282,1265.0,10.0,0.52,18.85,218.0,42.0,107.0,10.0,2.0
283,1265.0,10.0,0.52,18.85,218.0,42.0,107.0,10.0,2.0
284,1788.0,10.5,0.37,34.2,320.0,21.0,104.0,8.0,2.0
285,1801.0,10.5,0.4,36.6,300.0,32.5,104.0,8.0,2.0
286,1801.0,10.5,0.4,36.6,300.0,32.5,104.0,8.0,2.0
287,1607.0,10.5,0.35,38.0,340.0,21.0,104.0,8.0,2.0
288,1551.0,10.9,0.35,38.0,340.0,21.0,104.0,8.0,2.0
289,1731.0,11.0,0.37,34.2,320.0,21.0,104.0,8.0,2.0
290,1741.0,11.0,0.4,36.6,300.0,32.5,104.0,8.0,2.0
291,1741.0,11.0,0.4,36.6,300.0,32.5,104.0,8.0,2.0
292,1686.0,11.4,0.4,36.6,300.0,32.5,104.0,8.0,2.0
293,1686.0,11.4,0.4,36.6,300.0,32.5,104.0,8.0,2.0
294,1501.0,11.4,0.35,38.0,340.0,21.0,104.0,8.0,2.0
295,1671.0,11.5,0.37,34.2,320.0,21.0,104.0,8.0,2.0
296,1633.0,11.9,0.4,36.6,300.0,32.5,104.0,8.0,2.0
297,1633.0,11.9,0.4,36.6,300.0,32.5,104.0,8.0,2.0
298,1235.0,12.0,0.52,18.85,218.0,42.0,107.0,10.0,2.0
299,1235.0,12.0,0.52,18.85,218.0,42.0,107.0,10.0,2.0
300,1621.0,12.0,0.4,36.6,300.0,32.5,104.0,8.0,2.0
301,1621.0,12.0,0.4,36.6,300.0,32.5,104.0,8.0,2.0
302,1425.0,12.0,0.35,38.0,340.0,21.0,104.0,8.0,2.0
303,1358.0,12.4,0.35,38.0,340.0,21.0,104.0,8.0,2.0
304,1574.0,12.5,0.37,34.2,320.0,21.0,104.0,8.0,2.0
305,1522.0,13.0,0.37,34.2,320.0,21.0,104.0,8.0,2.0
306,1530.0,13.0,0.4,36.6,300.0,32.5,104.0,8.0,2.0
307,1530.0,13.0,0.4,36.6,300.0,32.5,104.0,8.0,2.0
308,1205.0,14.0,0.52,18.85,218.0,42.0,107.0,10.0,2.0
309,1205.0,14.0,0.52,18.85,218.0,42.0,107.0,10.0,2.0
310,1175.0,16.0,0.52,18.85,218.0,42.0,107.0,10.0,2.0
311,1175.0,16.0,0.52,18.85,218.0,42.0,107.0,10.0,2.0
312,1150.0,18.0,0.52,18.85,218.0,42.0,107.0,10.0,2.0
313,1150.0,18.0,0.52,18.85,218.0,42.0,107.0,10.0,2.0
314,1095.0,22.0,0.52,18.85,218.0,42.0,107.0,10.0,2.0
315,1095.0,22.0,0.52,18.85,218.0,42.0,107.0,10.0,2.0
316,1050.0,26.0,0.52,18.85,218.0,42.0,107.0,10.0,2.0
317,1050.0,26.0,0.52,18.85,218.0,42.0,107.0,10.0,2.0
318,1025.0,27.7,0.52,18.85,218.0,42.0,107.0,10.0,2.0
319,1025.0,27.7,0.52,18.85,218.0,42.0,107.0,10.0,2.0
320,1348.0,3.3,0.4,37.0,294.0,35.0,94.0,8.0,2.0
321,1360.0,4.0,0.41,20.9,205.0,30.5,102.0,8.0,2.0
322,1360.0,4.0,0.41,20.9,205.0,30.5,102.0,8.0,2.0
323,1296.0,4.1,0.4,37.0,294.0,35.0,94.0,8.0,2.0
324,2235.0,5.0,0.35,48.8,350.0,30.0,104.0,8.0,2.0
325,2235.0,5.0,0.35,48.8,350.0,30.0,104.0,8.0,2.0
326,2640.0,5.0,0.35,43.0,320.0,30.0,104.0,8.0,2.0
327,2588.0,5.0,0.35,43.0,320.0,30.0,104.0,8.0,2.0
328,2588.0,5.0,0.35,43.0,320.0,30.0,104.0,8.0,2.0
329,2024.0,6.0,0.35,43.0,320.0,30.0,104.0,8.0,2.0
330,1949.0,6.0,0.35,48.8,350.0,30.0,104.0,8.0,2.0
331,1949.0,6.0,0.35,48.8,350.0,30.0,104.0,8.0,2.0
332,2120.0,6.0,0.35,43.0,320.0,30.0,104.0,8.0,2.0
333,2120.0,6.0,0.35,43.0,320.0,30.0,104.0,8.0,2.0
334,2293.0,6.0,0.35,43.0,320.0,30.0,104.0,8.0,2.0
335,2309.0,6.0,0.4,37.2,300.0,36.0,104.0,8.0,2.0
336,1272.0,6.0,0.41,20.9,205.0,30.5,102.0,8.0,2.0
337,1272.0,6.0,0.41,20.9,205.0,30.5,102.0,8.0,2.0
338,2293.0,6.0,0.35,43.0,320.0,30.0,104.0,8.0,2.0
339,2293.0,6.0,0.35,43.0,320.0,30.0,104.0,8.0,2.0
340,1216.0,6.1,0.4,37.0,294.0,35.0,94.0,8.0,2.0
341,1806.0,7.0,0.35,43.0,320.0,30.0,104.0,8.0,2.0
342,1700.0,7.0,0.35,48.8,350.0,30.0,104.0,8.0,2.0
343,1700.0,7.0,0.35,48.8,350.0,30.0,104.0,8.0,2.0
344,1907.0,7.0,0.35,43.0,320.0,30.0,104.0,8.0,2.0
345,1907.0,7.0,0.35,43.0,320.0,30.0,104.0,8.0,2.0
346,2047.0,7.0,0.35,43.0,320.0,30.0,104.0,8.0,2.0
347,2051.0,7.0,0.4,37.2,300.0,36.0,104.0,8.0,2.0
348,2015.0,7.0,0.35,43.0,320.0,30.0,104.0,8.0,2.0
349,2015.0,7.0,0.35,43.0,320.0,30.0,104.0,8.0,2.0
350,1519.0,8.0,0.35,48.8,350.0,30.0,104.0,8.0,2.0
351,1519.0,8.0,0.35,48.8,350.0,30.0,104.0,8.0,2.0
352,1861.0,8.0,0.35,43.0,320.0,30.0,104.0,8.0,2.0
353,1858.0,8.0,0.4,37.2,300.0,36.0,104.0,8.0,2.0
354,1216.0,8.0,0.41,20.9,205.0,30.5,102.0,8.0,2.0
355,1216.0,8.0,0.41,20.9,205.0,30.5,102.0,8.0,2.0
356,1822.0,8.0,0.35,43.0,320.0,30.0,104.0,8.0,2.0
357,1822.0,8.0,0.35,43.0,320.0,30.0,104.0,8.0,2.0
358,1160.0,8.2,0.4,37.0,294.0,35.0,94.0,8.0,2.0
359,2770.0,8.2,0.62,7.16,175.0,18.0,135.0,8.0,2.0
360,2434.0,8.2,0.47,20.6,210.0,41.0,104.0,8.0,2.0
361,2434.0,8.2,0.47,20.6,210.0,41.0,104.0,8.0,2.0
362,2434.0,8.2,0.47,20.6,210.0,41.0,104.0,8.0,2.0
363,2434.0,8.2,0.47,20.6,210.0,41.0,104.0,8.0,2.0
364,2434.0,8.2,0.47,20.6,210.0,41.0,104.0,8.0,2.0
365,2434.0,8.2,0.47,20.6,210.0,41.0,104.0,8.0,2.0
366,1517.0,9.0,0.35,43.0,320.0,30.0,104.0,8.0,2.0
367,1701.0,9.0,0.35,43.0,320.0,30.0,104.0,8.0,2.0
368,1698.0,9.0,0.4,37.2,300.0,36.0,104.0,8.0,2.0
369,1668.0,9.0,0.35,43.0,320.0,30.0,104.0,8.0,2.0
370,1668.0,9.0,0.35,43.0,320.0,30.0,104.0,8.0,2.0
371,2215.0,9.2,0.47,20.6,210.0,41.0,104.0,8.0,2.0
372,2215.0,9.2,0.47,20.6,210.0,41.0,104.0,8.0,2.0
373,2215.0,9.2,0.47,20.6,210.0,41.0,104.0,8.0,2.0
374,2215.0,9.2,0.47,20.6,210.0,41.0,104.0,8.0,2.0
375,2215.0,9.2,0.47,20.6,210.0,41.0,104.0,8.0,2.0
376,2215.0,9.2,0.47,20.6,210.0,41.0,104.0,8.0,2.0
377,1584.0,10.0,0.35,43.0,320.0,30.0,104.0,8.0,2.0
378,1577.0,10.0,0.4,37.2,300.0,36.0,104.0,8.0,2.0
379,1178.0,10.0,0.41,20.9,205.0,30.5,102.0,8.0,2.0
380,1178.0,10.0,0.41,20.9,205.0,30.5,102.0,8.0,2.0
381,1120.0,10.2,0.4,37.0,294.0,35.0,94.0,8.0,2.0
382,2503.0,10.2,0.62,7.16,175.0,18.0,135.0,8.0,2.0
383,2103.0,10.2,0.47,20.6,210.0,41.0,104.0,8.0,2.0
384,2103.0,10.2,0.47,20.6,210.0,41.0,104.0,8.0,2.0
385,2103.0,10.2,0.47,20.6,210.0,41.0,104.0,8.0,2.0
386,2103.0,10.2,0.47,20.6,210.0,41.0,104.0,8.0,2.0
387,2103.0,10.2,0.47,20.6,210.0,41.0,104.0,8.0,2.0
388,2103.0,10.2,0.47,20.6,210.0,41.0,104.0,8.0,2.0
389,1326.0,11.0,0.35,43.0,320.0,30.0,104.0,8.0,2.0
390,1197.0,11.0,0.35,48.8,350.0,30.0,104.0,8.0,2.0
391,1205.0,11.0,0.35,48.8,350.0,30.0,104.0,8.0,2.0
392,1197.0,11.0,0.35,48.8,350.0,30.0,104.0,8.0,2.0
393,1205.0,11.0,0.35,48.8,350.0,30.0,104.0,8.0,2.0
394,1480.0,11.0,0.4,37.2,300.0,36.0,104.0,8.0,2.0
395,1456.0,11.0,0.35,43.0,320.0,30.0,104.0,8.0,2.0
396,1456.0,11.0,0.35,43.0,320.0,30.0,104.0,8.0,2.0
397,1936.0,11.2,0.47,20.6,210.0,41.0,104.0,8.0,2.0
398,1936.0,11.2,0.47,20.6,210.0,41.0,104.0,8.0,2.0
399,1936.0,11.2,0.47,20.6,210.0,41.0,104.0,8.0,2.0
400,1936.0,11.2,0.47,20.6,210.0,41.0,104.0,8.0,2.0
401,1936.0,11.2,0.47,20.6,210.0,41.0,104.0,8.0,2.0
402,1936.0,11.2,0.47,20.6,210.0,41.0,104.0,8.0,2.0
403,1246.0,12.0,0.35,43.0,320.0,30.0,104.0,8.0,2.0
404,1167.0,12.0,0.35,48.8,350.0,30.0,104.0,8.0,2.0
405,1167.0,12.0,0.35,48.8,350.0,30.0,104.0,8.0,2.0
406,1397.0,12.0,0.35,43.0,320.0,30.0,104.0,8.0,2.0
407,1132.0,12.0,0.41,20.9,205.0,30.5,102.0,8.0,2.0
408,1132.0,12.0,0.41,20.9,205.0,30.5,102.0,8.0,2.0
409,1369.0,12.0,0.35,43.0,320.0,30.0,104.0,8.0,2.0
410,1369.0,12.0,0.35,43.0,320.0,30.0,104.0,8.0,2.0
411,1080.0,12.2,0.4,37.0,294.0,35.0,94.0,8.0,2.0
412,1817.0,12.2,0.47,20.6,210.0,41.0,104.0,8.0,2.0
413,1817.0,12.2,0.47,20.6,210.0,41.0,104.0,8.0,2.0
414,1817.0,12.2,0.47,20.6,210.0,41.0,104.0,8.0,2.0
415,1817.0,12.2,0.47,20.6,210.0,41.0,104.0,8.0,2.0
416,1180.0,13.0,0.35,43.0,320.0,30.0,104.0,8.0,2.0
417,1322.0,13.0,0.35,43.0,320.0,30.0,104.0,8.0,2.0
418,1309.0,13.0,0.4,37.2,300.0,36.0,104.0,8.0,2.0
419,1730.0,13.3,0.47,20.6,210.0,41.0,104.0,8.0,2.0
420,1730.0,13.3,0.47,20.6,210.0,41.0,104.0,8.0,2.0
421,1730.0,13.3,0.47,20.6,210.0,41.0,104.0,8.0,2.0
422,1730.0,13.3,0.47,20.6,210.0,41.0,104.0,8.0,2.0
423,1730.0,13.3,0.47,20.6,210.0,41.0,104.0,8.0,2.0
424,1730.0,13.3,0.47,20.6,210.0,41.0,104.0,8.0,2.0
425,1117.0,14.0,0.35,43.0,320.0,30.0,104.0,8.0,2.0
426,1041.0,14.0,0.35,48.8,350.0,30.0,104.0,8.0,2.0
427,1041.0,14.0,0.35,48.8,350.0,30.0,104.0,8.0,2.0
428,1188.0,14.0,0.35,43.0,320.0,30.0,104.0,8.0,2.0
429,1188.0,14.0,0.35,43.0,320.0,30.0,104.0,8.0,2.0
430,1254.0,14.0,0.35,43.0,320.0,30.0,104.0,8.0,2.0
431,1098.0,14.0,0.41,20.9,205.0,30.5,102.0,8.0,2.0
432,1098.0,14.0,0.41,20.9,205.0,30.5,102.0,8.0,2.0
433,1230.0,14.0,0.35,43.0,320.0,30.0,104.0,8.0,2.0
434,1230.0,14.0,0.35,43.0,320.0,30.0,104.0,8.0,2.0
435,1637.0,14.3,0.47,20.6,210.0,41.0,104.0,8.0,2.0
436,1637.0,14.3,0.47,20.6,210.0,41.0,104.0,8.0,2.0
437,1637.0,14.3,0.47,20.6,210.0,41.0,104.0,8.0,2.0
438,1637.0,14.3,0.47,20.6,210.0,41.0,104.0,8.0,2.0
439,1637.0,14.3,0.47,20.6,210.0,41.0,104.0,8.0,2.0
440,1637.0,14.3,0.47,20.6,210.0,41.0,104.0,8.0,2.0
441,1063.0,15.0,0.35,43.0,320.0,30.0,104.0,8.0,2.0
442,991.0,15.0,0.35,48.8,350.0,30.0,104.0,8.0,2.0
443,991.0,15.0,0.35,48.8,350.0,30.0,104.0,8.0,2.0
444,1121.0,15.0,0.35,43.0,320.0,30.0,104.0,8.0,2.0
445,1121.0,15.0,0.35,43.0,320.0,30.0,104.0,8.0,2.0
446,2171.0,15.3,0.62,7.16,175.0,18.0,135.0,8.0,2.0
447,1536.0,15.3,0.47,20.6,210.0,41.0,104.0,8.0,2.0
448,1536.0,15.3,0.47,20.6,210.0,41.0,104.0,8.0,2.0
449,1536.0,15.3,0.47,20.6,210.0,41.0,104.0,8.0,2.0
450,1536.0,15.3,0.47,20.6,210.0,41.0,104.0,8.0,2.0
451,1019.0,16.0,0.35,43.0,320.0,30.0,104.0,8.0,2.0
452,935.0,16.0,0.35,48.8,350.0,30.0,104.0,8.0,2.0
453,935.0,16.0,0.35,48.8,350.0,30.0,104.0,8.0,2.0
454,1075.0,16.0,0.35,43.0,320.0,30.0,104.0,8.0,2.0
455,1075.0,16.0,0.35,43.0,320.0,30.0,104.0,8.0,2.0
456,1144.0,16.0,0.35,43.0,320.0,30.0,104.0,8.0,2.0
457,1130.0,16.0,0.4,37.2,300.0,36.0,104.0,8.0,2.0
458,1124.0,16.0,0.35,43.0,320.0,30.0,104.0,8.0,2.0
459,1124.0,16.0,0.35,43.0,320.0,30.0,104.0,8.0,2.0
460,1480.0,16.3,0.47,20.6,210.0,41.0,104.0,8.0,2.0
461,1480.0,16.3,0.47,20.6,210.0,41.0,104.0,8.0,2.0
462,1480.0,16.3,0.47,20.6,210.0,41.0,104.0,8.0,2.0
463,1480.0,16.3,0.47,20.6,210.0,41.0,104.0,8.0,2.0
464,1480.0,16.3,0.47,20.6,210.0,41.0,104.0,8.0,2.0
465,1480.0,16.3,0.47,20.6,210.0,41.0,104.0,8.0,2.0
466,968.0,17.0,0.35,43.0,320.0,30.0,104.0,8.0,2.0
467,897.0,17.0,0.35,48.8,350.0,30.0,104.0,8.0,2.0
468,897.0,17.0,0.35,48.8,350.0,30.0,104.0,8.0,2.0
469,1023.0,17.0,0.35,43.0,320.0,30.0,104.0,8.0,2.0
470,1023.0,17.0,0.35,43.0,320.0,30.0,104.0,8.0,2.0
471,1098.0,17.0,0.35,43.0,320.0,30.0,104.0,8.0,2.0
472,1074.0,17.0,0.35,43.0,320.0,30.0,104.0,8.0,2.0
473,1074.0,17.0,0.35,43.0,320.0,30.0,104.0,8.0,2.0
474,1411.0,17.3,0.47,20.6,210.0,41.0,104.0,8.0,2.0
475,1411.0,17.3,0.47,20.6,210.0,41.0,104.0,8.0,2.0
476,1411.0,17.3,0.47,20.6,210.0,41.0,104.0,8.0,2.0
477,1411.0,17.3,0.47,20.6,210.0,41.0,104.0,8.0,2.0
478,1411.0,17.3,0.47,20.6,210.0,41.0,104.0,8.0,2.0
479,1411.0,17.3,0.47,20.6,210.0,41.0,104.0,8.0,2.0
480,919.0,18.0,0.35,43.0,320.0,30.0,104.0,8.0,2.0
481,864.0,18.0,0.35,48.8,350.0,30.0,104.0,8.0,2.0
482,864.0,18.0,0.35,48.8,350.0,30.0,104.0,8.0,2.0
483,984.0,18.0,0.35,43.0,320.0,30.0,104.0,8.0,2.0
484,984.0,18.0,0.35,43.0,320.0,30.0,104.0,8.0,2.0
485,1056.0,18.0,0.35,43.0,320.0,30.0,104.0,8.0,2.0
486,1041.0,18.0,0.4,37.2,300.0,36.0,104.0,8.0,2.0
487,1031.0,18.0,0.35,43.0,320.0,30.0,104.0,8.0,2.0
488,1031.0,18.0,0.35,43.0,320.0,30.0,104.0,8.0,2.0
489,976.0,18.4,0.4,37.0,294.0,35.0,94.0,8.0,2.0
490,1356.0,18.4,0.47,20.6,210.0,41.0,104.0,8.0,2.0
491,1356.0,18.4,0.47,20.6,210.0,41.0,104.0,8.0,2.0
492,1356.0,18.4,0.47,20.6,210.0,41.0,104.0,8.0,2.0
493,1356.0,18.4,0.47,20.6,210.0,41.0,104.0,8.0,2.0
494,1356.0,18.4,0.47,20.6,210.0,41.0,104.0,8.0,2.0
495,1356.0,18.4,0.47,20.6,210.0,41.0,104.0,8.0,2.0
496,825.0,19.0,0.35,43.0,320.0,30.0,104.0,8.0,2.0
497,831.0,19.0,0.35,48.8,350.0,30.0,104.0,8.0,2.0
498,831.0,19.0,0.35,48.8,350.0,30.0,104.0,8.0,2.0
499,931.0,19.0,0.35,43.0,320.0,30.0,104.0,8.0,2.0
500,931.0,19.0,0.35,43.0,320.0,30.0,104.0,8.0,2.0
501,1011.0,19.0,0.35,43.0,320.0,30.0,104.0,8.0,2.0
502,1001.0,19.0,0.4,37.2,300.0,36.0,104.0,8.0,2.0
503,983.0,19.0,0.35,43.0,320.0,30.0,104.0,8.0,2.0
504,983.0,19.0,0.35,43.0,320.0,30.0,104.0,8.0,2.0
505,1286.0,19.4,0.47,20.6,210.0,41.0,104.0,8.0,2.0
506,1286.0,19.4,0.47,20.6,210.0,41.0,104.0,8.0,2.0
507,1286.0,19.4,0.47,20.6,210.0,41.0,104.0,8.0,2.0
508,1286.0,19.4,0.47,20.6,210.0,41.0,104.0,8.0,2.0
509,1286.0,19.4,0.47,20.6,210.0,41.0,104.0,8.0,2.0
510,1286.0,19.4,0.47,20.6,210.0,41.0,104.0,8.0,2.0
511,803.0,20.0,0.35,48.8,350.0,30.0,104.0,8.0,2.0
512,803.0,20.0,0.35,48.8,350.0,30.0,104.0,8.0,2.0
513,961.0,20.0,0.35,43.0,320.0,30.0,104.0,8.0,2.0
514,961.0,20.0,0.4,37.2,300.0,36.0,104.0,8.0,2.0
515,990.0,20.0,0.41,20.9,205.0,30.5,102.0,8.0,2.0
516,990.0,20.0,0.41,20.9,205.0,30.5,102.0,8.0,2.0
517,891.0,20.0,0.35,43.0,320.0,30.0,104.0,8.0,2.0
518,891.0,20.0,0.35,43.0,320.0,30.0,104.0,8.0,2.0
519,891.0,22.0,0.4,37.2,300.0,36.0,104.0,8.0,2.0
520,843.0,23.0,0.4,37.2,300.0,36.0,104.0,8.0,2.0
521,1882.0,25.5,0.62,7.16,175.0,18.0,135.0,8.0,2.0
522,1692.0,30.6,0.62,7.16,175.0,18.0,135.0,8.0,2.0
523,1568.0,35.7,0.62,7.16,175.0,18.0,135.0,8.0,2.0
524,1400.0,38.8,0.62,7.16,175.0,18.0,135.0,8.0,2.0
525,1200.0,40.8,0.62,7.16,175.0,18.0,135.0,8.0,2.0
526,1600.0,21.8,0.9,5.48,144.0,60.0,130.0,6.0,1.0
527,1600.0,24.7,0.9,5.25,138.0,60.0,130.0,6.0,1.0
528,1600.0,24.7,0.9,5.25,138.0,60.0,130.0,6.0,1.0
529,1400.0,25.8,0.9,5.48,144.0,60.0,130.0,6.0,1.0
530,1600.0,25.8,0.85,7.6,180.0,60.0,130.0,6.0,1.0
531,1400.0,29.2,0.9,5.25,138.0,60.0,130.0,6.0,1.0
532,1400.0,29.2,0.9,5.25,138.0,60.0,130.0,6.0,1.0
533,1600.0,29.9,0.85,7.6,180.0,60.0,130.0,6.0,1.0
534,1400.0,30.7,0.85,7.6,180.0,60.0,130.0,6.0,1.0
535,1300.0,31.9,0.9,5.25,138.0,60.0,130.0,6.0,1.0
536,1300.0,31.9,0.9,5.25,138.0,60.0,130.0,6.0,1.0
537,1200.0,31.9,0.9,5.48,144.0,60.0,130.0,6.0,1.0
538,1300.0,33.5,0.85,7.6,180.0,60.0,130.0,6.0,1.0
539,1200.0,34.7,0.9,5.25,138.0,60.0,130.0,6.0,1.0
540,1200.0,34.7,0.9,5.25,138.0,60.0,130.0,6.0,1.0
541,1400.0,35.3,0.85,7.6,180.0,60.0,130.0,6.0,1.0
542,1100.0,35.7,0.9,5.25,138.0,60.0,130.0,6.0,1.0
543,1100.0,35.7,0.9,5.25,138.0,60.0,130.0,6.0,1.0
544,1000.0,36.7,0.9,5.25,138.0,60.0,130.0,6.0,1.0
545,1000.0,36.7,0.9,5.25,138.0,60.0,130.0,6.0,1.0
546,1200.0,37.0,0.85,7.6,180.0,60.0,130.0,6.0,1.0
547,900.0,38.8,0.9,5.25,138.0,60.0,130.0,6.0,1.0
548,900.0,38.8,0.9,5.25,138.0,60.0,130.0,6.0,1.0
549,1300.0,38.8,0.85,7.6,180.0,60.0,130.0,6.0,1.0
550,800.0,40.2,0.9,5.25,138.0,60.0,130.0,6.0,1.0
551,800.0,40.2,0.9,5.25,138.0,60.0,130.0,6.0,1.0
552,700.0,41.0,0.9,5.25,138.0,60.0,130.0,6.0,1.0
553,700.0,41.0,0.9,5.25,138.0,60.0,130.0,6.0,1.0
554,600.0,41.4,0.9,5.25,138.0,60.0,130.0,6.0,1.0
555,600.0,41.4,0.9,5.25,138.0,60.0,130.0,6.0,1.0
556,1100.0,41.6,0.85,7.6,180.0,60.0,130.0,6.0,1.0
557,1000.0,41.9,0.9,5.48,144.0,60.0,130.0,6.0,1.0
558,1200.0,42.9,0.85,7.6,180.0,60.0,130.0,6.0,1.0
559,1000.0,44.3,0.85,7.6,180.0,60.0,130.0,6.0,1.0
560,1100.0,46.9,0.85,7.6,180.0,60.0,130.0,6.0,1.0
561,1000.0,48.0,0.85,7.6,180.0,60.0,130.0,6.0,1.0
562,800.0,49.0,0.85,7.6,180.0,60.0,130.0,6.0,1.0
563,800.0,50.0,0.85,7.6,180.0,60.0,130.0,6.0,1.0
564,600.0,52.7,0.85,7.6,180.0,60.0,130.0,6.0,1.0
565,700.0,53.2,0.85,7.6,180.0,60.0,130.0,6.0,1.0
566,800.0,53.6,0.9,5.48,144.0,60.0,130.0,6.0,1.0
567,600.0,54.5,0.85,7.6,180.0,60.0,130.0,6.0,1.0
568,3186.0,0.0,0.28,35.6,580.0,11.0,94.0,8.0,0.0
569,3125.0,0.1,0.28,35.6,580.0,11.0,94.0,8.0,0.0
570,2633.0,0.2,0.22,37.0,550.0,13.0,88.0,8.0,0.0
571,2633.0,0.2,0.22,37.0,550.0,13.0,88.0,8.0,0.0
572,2633.0,0.2,0.22,37.0,550.0,13.0,88.0,8.0,0.0
573,3065.0,0.2,0.28,35.6,580.0,11.0,94.0,8.0,0.0
574,2633.0,0.2,0.22,37.0,550.0,13.0,88.0,8.0,0.0
575,2633.0,0.2,0.22,37.0,550.0,13.0,88.0,8.0,0.0
576,2180.0,0.3,0.25,107.8,670.0,13.0,87.0,8.0,0.0
577,3005.0,0.3,0.28,35.6,580.0,11.0,94.0,8.0,0.0
578,2539.0,0.4,0.22,37.0,550.0,13.0,88.0,8.0,0.0
579,2539.0,0.4,0.22,37.0,550.0,13.0,88.0,8.0,0.0
580,2539.0,0.4,0.22,37.0,550.0,13.0,88.0,8.0,0.0
581,2947.0,0.4,0.28,35.6,580.0,11.0,94.0,8.0,0.0
582,2539.0,0.4,0.22,37.0,550.0,13.0,88.0,8.0,0.0
583,2539.0,0.4,0.22,37.0,550.0,13.0,88.0,8.0,0.0
584,2889.0,0.5,0.28,35.6,580.0,11.0,94.0,8.0,0.0
585,2060.0,0.6,0.25,107.8,670.0,13.0,87.0,8.0,0.0
586,2439.0,0.6,0.22,37.0,550.0,13.0,88.0,8.0,0.0
587,2439.0,0.6,0.22,37.0,550.0,13.0,88.0,8.0,0.0
588,2439.0,0.6,0.22,37.0,550.0,13.0,88.0,8.0,0.0
589,2831.0,0.6,0.28,35.6,580.0,11.0,94.0,8.0,0.0
590,2439.0,0.6,0.22,37.0,550.0,13.0,88.0,8.0,0.0
591,2439.0,0.6,0.22,37.0,550.0,13.0,88.0,8.0,0.0
592,2775.0,0.7,0.28,35.6,580.0,11.0,94.0,8.0,0.0
593,2354.0,0.8,0.22,37.0,550.0,13.0,88.0,8.0,0.0
594,2354.0,0.8,0.22,37.0,550.0,13.0,88.0,8.0,0.0
595,2354.0,0.8,0.22,37.0,550.0,13.0,88.0,8.0,0.0
596,2719.0,0.8,0.28,35.6,580.0,11.0,94.0,8.0,0.0
597,2354.0,0.8,0.22,37.0,550.0,13.0,88.0,8.0,0.0
598,2354.0,0.8,0.22,37.0,550.0,13.0,88.0,8.0,0.0
599,1950.0,0.9,0.25,107.8,670.0,13.0,87.0,8.0,0.0
600,2269.0,1.0,0.22,37.0,550.0,13.0,88.0,8.0,0.0
601,2269.0,1.0,0.22,37.0,550.0,13.0,88.0,8.0,0.0
602,2269.0,1.0,0.22,37.0,550.0,13.0,88.0,8.0,0.0
603,2610.0,1.0,0.28,35.6,580.0,11.0,94.0,8.0,0.0
604,2269.0,1.0,0.22,37.0,550.0,13.0,88.0,8.0,0.0
605,2269.0,1.0,0.22,37.0,550.0,13.0,88.0,8.0,0.0
606,2557.0,1.1,0.28,35.6,580.0,11.0,94.0,8.0,0.0
607,1853.0,1.2,0.25,107.8,670.0,13.0,87.0,8.0,0.0
608,2201.0,1.2,0.22,37.0,550.0,13.0,88.0,8.0,0.0
609,2201.0,1.2,0.22,37.0,550.0,13.0,88.0,8.0,0.0
610,2201.0,1.2,0.22,37.0,550.0,13.0,88.0,8.0,0.0
611,2504.0,1.2,0.28,35.6,580.0,11.0,94.0,8.0,0.0
612,2201.0,1.2,0.22,37.0,550.0,13.0,88.0,8.0,0.0
613,2201.0,1.2,0.22,37.0,550.0,13.0,88.0,8.0,0.0
614,2133.0,1.4,0.22,37.0,550.0,13.0,88.0,8.0,0.0
615,2133.0,1.4,0.22,37.0,550.0,13.0,88.0,8.0,0.0
616,2133.0,1.4,0.22,37.0,550.0,13.0,88.0,8.0,0.0
617,2401.0,1.4,0.28,35.6,580.0,11.0,94.0,8.0,0.0
618,2133.0,1.4,0.22,37.0,550.0,13.0,88.0,8.0,0.0
619,2133.0,1.4,0.22,37.0,550.0,13.0,88.0,8.0,0.0
620,1780.0,1.5,0.25,107.8,670.0,13.0,87.0,8.0,0.0
621,2351.0,1.5,0.28,35.6,580.0,11.0,94.0,8.0,0.0
622,2065.0,1.6,0.22,37.0,550.0,13.0,88.0,8.0,0.0
623,2065.0,1.6,0.22,37.0,550.0,13.0,88.0,8.0,0.0
624,2065.0,1.6,0.22,37.0,550.0,13.0,88.0,8.0,0.0
625,1707.0,1.8,0.25,107.8,670.0,13.0,87.0,8.0,0.0
626,2005.0,1.8,0.22,37.0,550.0,13.0,88.0,8.0,0.0
627,2005.0,1.8,0.22,37.0,550.0,13.0,88.0,8.0,0.0
628,2005.0,1.8,0.22,37.0,550.0,13.0,88.0,8.0,0.0
629,2204.0,1.8,0.28,35.6,580.0,11.0,94.0,8.0,0.0
630,2005.0,1.8,0.22,37.0,550.0,13.0,88.0,8.0,0.0
631,2005.0,1.8,0.22,37.0,550.0,13.0,88.0,8.0,0.0
632,2157.0,1.9,0.28,35.6,580.0,11.0,94.0,8.0,0.0
633,1941.0,2.0,0.22,37.0,550.0,13.0,88.0,8.0,0.0
634,1941.0,2.0,0.22,37.0,550.0,13.0,88.0,8.0,0.0
635,1941.0,2.0,0.22,37.0,550.0,13.0,88.0,8.0,0.0
636,2110.0,2.0,0.28,35.6,580.0,11.0,94.0,8.0,0.0
637,1638.0,2.1,0.25,107.8,670.0,13.0,87.0,8.0,0.0
638,2065.0,2.1,0.28,35.6,580.0,11.0,94.0,8.0,0.0
639,1886.0,2.2,0.22,37.0,550.0,13.0,88.0,8.0,0.0
640,1886.0,2.2,0.22,37.0,550.0,13.0,88.0,8.0,0.0
641,1886.0,2.2,0.22,37.0,550.0,13.0,88.0,8.0,0.0
642,2019.0,2.2,0.28,35.6,580.0,11.0,94.0,8.0,0.0
643,1975.0,2.3,0.28,35.6,580.0,11.0,94.0,8.0,0.0
644,1833.0,2.4,0.22,37.0,550.0,13.0,88.0,8.0,0.0
645,1833.0,2.4,0.22,37.0,550.0,13.0,88.0,8.0,0.0
646,1833.0,2.4,0.22,37.0,550.0,13.0,88.0,8.0,0.0
647,1932.0,2.4,0.28,35.6,580.0,11.0,94.0,8.0,0.0
648,1833.0,2.4,0.22,37.0,550.0,13.0,88.0,8.0,0.0
649,1833.0,2.4,0.22,37.0,550.0,13.0,88.0,8.0,0.0
650,1889.0,2.5,0.28,35.6,580.0,11.0,94.0,8.0,0.0
651,1847.0,2.6,0.28,35.6,580.0,11.0,94.0,8.0,0.0
652,1520.0,2.7,0.25,107.8,670.0,13.0,87.0,8.0,0.0
653,1778.0,2.7,0.22,37.0,550.0,13.0,88.0,8.0,0.0
654,1778.0,2.7,0.22,37.0,550.0,13.0,88.0,8.0,0.0
655,1778.0,2.7,0.22,37.0,550.0,13.0,88.0,8.0,0.0
656,1806.0,2.7,0.28,35.6,580.0,11.0,94.0,8.0,0.0
657,1778.0,2.7,0.22,37.0,550.0,13.0,88.0,8.0,0.0
658,1778.0,2.7,0.22,37.0,550.0,13.0,88.0,8.0,0.0
659,1765.0,2.8,0.28,35.6,580.0,11.0,94.0,8.0,0.0
660,1730.0,2.9,0.22,37.0,550.0,13.0,88.0,8.0,0.0
661,1730.0,2.9,0.22,37.0,550.0,13.0,88.0,8.0,0.0
662,1730.0,2.9,0.22,37.0,550.0,13.0,88.0,8.0,0.0
663,1726.0,2.9,0.28,35.6,580.0,11.0,94.0,8.0,0.0
664,1687.0,3.0,0.28,35.6,580.0,11.0,94.0,8.0,0.0
665,1681.0,3.1,0.22,37.0,550.0,13.0,88.0,8.0,0.0
666,1681.0,3.1,0.22,37.0,550.0,13.0,88.0,8.0,0.0
667,1681.0,3.1,0.22,37.0,550.0,13.0,88.0,8.0,0.0
668,1648.0,3.1,0.28,35.6,580.0,11.0,94.0,8.0,0.0
669,1681.0,3.1,0.22,37.0,550.0,13.0,88.0,8.0,0.0
670,1681.0,3.1,0.22,37.0,550.0,13.0,88.0,8.0,0.0
671,1611.0,3.2,0.28,35.6,580.0,11.0,94.0,8.0,0.0
672,1635.0,3.3,0.22,37.0,550.0,13.0,88.0,8.0,0.0
673,1635.0,3.3,0.22,37.0,550.0,13.0,88.0,8.0,0.0
674,1635.0,3.3,0.22,37.0,550.0,13.0,88.0,8.0,0.0
675,1574.0,3.3,0.28,35.6,580.0,11.0,94.0,8.0,0.0
676,1635.0,3.3,0.22,37.0,550.0,13.0,88.0,8.0,0.0
677,1635.0,3.3,0.22,37.0,550.0,13.0,88.0,8.0,0.0
678,1539.0,3.4,0.28,35.6,580.0,11.0,94.0,8.0,0.0
679,1589.0,3.5,0.22,37.0,550.0,13.0,88.0,8.0,0.0
680,1589.0,3.5,0.22,37.0,550.0,13.0,88.0,8.0,0.0
681,1589.0,3.5,0.22,37.0,550.0,13.0,88.0,8.0,0.0
682,1503.0,3.5,0.28,35.6,580.0,11.0,94.0,8.0,0.0
683,1589.0,3.5,0.22,37.0,550.0,13.0,88.0,8.0,0.0
684,1589.0,3.5,0.22,37.0,550.0,13.0,88.0,8.0,0.0
685,1410.0,3.6,0.25,107.8,670.0,13.0,87.0,8.0,0.0
686,1469.0,3.6,0.28,35.6,580.0,11.0,94.0,8.0,0.0
687,1535.0,3.7,0.22,37.0,550.0,13.0,88.0,8.0,0.0
688,1535.0,3.7,0.22,37.0,550.0,13.0,88.0,8.0,0.0
689,1535.0,3.7,0.22,37.0,550.0,13.0,88.0,8.0,0.0
690,1435.0,3.7,0.28,35.6,580.0,11.0,94.0,8.0,0.0
691,1535.0,3.7,0.22,37.0,550.0,13.0,88.0,8.0,0.0
692,1535.0,3.7,0.22,37.0,550.0,13.0,88.0,8.0,0.0
693,1403.0,3.8,0.28,35.6,580.0,11.0,94.0,8.0,0.0
694,1382.0,3.9,0.25,107.8,670.0,13.0,87.0,8.0,0.0
695,1474.0,3.9,0.22,37.0,550.0,13.0,88.0,8.0,0.0
696,1474.0,3.9,0.22,37.0,550.0,13.0,88.0,8.0,0.0
697,1474.0,3.9,0.22,37.0,550.0,13.0,88.0,8.0,0.0
698,1371.0,3.9,0.28,35.6,580.0,11.0,94.0,8.0,0.0
699,1474.0,3.9,0.22,37.0,550.0,13.0,88.0,8.0,0.0
700,1474.0,3.9,0.22,37.0,550.0,13.0,88.0,8.0,0.0
701,1339.0,4.0,0.28,35.6,580.0,11.0,94.0,8.0,0.0
702,1419.0,4.1,0.22,37.0,550.0,13.0,88.0,8.0,0.0
703,1419.0,4.1,0.22,37.0,550.0,13.0,88.0,8.0,0.0
704,1419.0,4.1,0.22,37.0,550.0,13.0,88.0,8.0,0.0
705,1309.0,4.1,0.28,35.6,580.0,11.0,94.0,8.0,0.0
706,1419.0,4.1,0.22,37.0,550.0,13.0,88.0,8.0,0.0
707,1419.0,4.1,0.22,37.0,550.0,13.0,88.0,8.0,0.0
708,1279.0,4.2,0.28,35.6,580.0,11.0,94.0,8.0,0.0
709,1328.0,4.3,0.22,37.0,550.0,13.0,88.0,8.0,0.0
710,1328.0,4.3,0.22,37.0,550.0,13.0,88.0,8.0,0.0
711,1328.0,4.3,0.22,37.0,550.0,13.0,88.0,8.0,0.0
712,1250.0,4.3,0.28,35.6,580.0,11.0,94.0,8.0,0.0
713,1328.0,4.3,0.22,37.0,550.0,13.0,88.0,8.0,0.0
714,1328.0,4.3,0.22,37.0,550.0,13.0,88.0,8.0,0.0
715,1222.0,4.4,0.28,35.6,580.0,11.0,94.0,8.0,0.0
716,1335.0,4.5,0.25,107.8,670.0,13.0,87.0,8.0,0.0
717,1229.0,4.5,0.22,37.0,550.0,13.0,88.0,8.0,0.0
718,1229.0,4.5,0.22,37.0,550.0,13.0,88.0,8.0,0.0
719,1229.0,4.5,0.22,37.0,550.0,13.0,88.0,8.0,0.0
720,1194.0,4.5,0.28,35.6,580.0,11.0,94.0,8.0,0.0
721,1229.0,4.5,0.22,37.0,550.0,13.0,88.0,8.0,0.0
722,1229.0,4.5,0.22,37.0,550.0,13.0,88.0,8.0,0.0
723,1167.0,4.6,0.28,35.6,580.0,11.0,94.0,8.0,0.0
724,1096.0,4.7,0.22,37.0,550.0,13.0,88.0,8.0,0.0
725,1096.0,4.7,0.22,37.0,550.0,13.0,88.0,8.0,0.0
726,1096.0,4.7,0.22,37.0,550.0,13.0,88.0,8.0,0.0
727,1141.0,4.7,0.28,35.6,580.0,11.0,94.0,8.0,0.0
728,1096.0,4.7,0.22,37.0,550.0,13.0,88.0,8.0,0.0
729,1096.0,4.7,0.22,37.0,550.0,13.0,88.0,8.0,0.0
730,1319.0,4.8,0.25,107.8,670.0,13.0,87.0,8.0,0.0
731,1116.0,4.8,0.28,35.6,580.0,11.0,94.0,8.0,0.0
732,944.0,4.9,0.22,37.0,550.0,13.0,88.0,8.0,0.0
733,944.0,4.9,0.22,37.0,550.0,13.0,88.0,8.0,0.0
734,944.0,4.9,0.22,37.0,550.0,13.0,88.0,8.0,0.0
735,1092.0,4.9,0.28,35.6,580.0,11.0,94.0,8.0,0.0
736,944.0,4.9,0.22,37.0,550.0,13.0,88.0,8.0,0.0
737,944.0,4.9,0.22,37.0,550.0,13.0,88.0,8.0,0.0
738,1068.0,5.0,0.28,35.6,580.0,11.0,94.0,8.0,0.0
739,795.0,5.1,0.22,37.0,550.0,13.0,88.0,8.0,0.0
740,795.0,5.1,0.22,37.0,550.0,13.0,88.0,8.0,0.0
741,795.0,5.1,0.22,37.0,550.0,13.0,88.0,8.0,0.0
742,795.0,5.1,0.22,37.0,550.0,13.0,88.0,8.0,0.0
743,795.0,5.1,0.22,37.0,550.0,13.0,88.0,8.0,0.0
744,1139.0,0.1,0.28,56.6,580.0,11.0,94.0,8.0,0.0
745,1139.0,0.1,0.28,56.6,580.0,11.0,94.0,8.0,0.0
746,1139.0,0.1,0.28,56.6,580.0,11.0,94.0,8.0,0.0
747,1139.0,0.1,0.28,56.6,580.0,11.0,94.0,8.0,0.0
748,1138.0,0.2,0.28,56.6,580.0,11.0,94.0,8.0,0.0
749,1138.0,0.2,0.28,56.6,580.0,11.0,94.0,8.0,0.0
750,1138.0,0.2,0.28,56.6,580.0,11.0,94.0,8.0,0.0
751,1138.0,0.2,0.28,56.6,580.0,11.0,94.0,8.0,0.0
752,1137.0,0.3,0.28,56.6,580.0,11.0,94.0,8.0,0.0
753,1137.0,0.3,0.28,56.6,580.0,11.0,94.0,8.0,0.0
754,1137.0,0.3,0.28,56.6,580.0,11.0,94.0,8.0,0.0
755,1137.0,0.3,0.28,56.6,580.0,11.0,94.0,8.0,0.0
756,1137.0,0.4,0.28,56.6,580.0,11.0,94.0,8.0,0.0
757,1137.0,0.4,0.28,56.6,580.0,11.0,94.0,8.0,0.0
758,1137.0,0.4,0.28,56.6,580.0,11.0,94.0,8.0,0.0
759,1137.0,0.4,0.28,56.6,580.0,11.0,94.0,8.0,0.0
760,1136.0,0.5,0.28,56.6,580.0,11.0,94.0,8.0,0.0
761,1136.0,0.5,0.28,56.6,580.0,11.0,94.0,8.0,0.0
762,1136.0,0.5,0.28,56.6,580.0,11.0,94.0,8.0,0.0
763,1136.0,0.5,0.28,56.6,580.0,11.0,94.0,8.0,0.0
764,1135.0,0.6,0.28,56.6,580.0,11.0,94.0,8.0,0.0
765,1135.0,0.6,0.28,56.6,580.0,11.0,94.0,8.0,0.0
766,1135.0,0.6,0.28,56.6,580.0,11.0,94.0,8.0,0.0
767,1135.0,0.6,0.28,56.6,580.0,11.0,94.0,8.0,0.0
768,1135.0,0.7,0.28,56.6,580.0,11.0,94.0,8.0,0.0
769,1135.0,0.7,0.28,56.6,580.0,11.0,94.0,8.0,0.0
770,1135.0,0.7,0.28,56.6,580.0,11.0,94.0,8.0,0.0
771,1135.0,0.7,0.28,56.6,580.0,11.0,94.0,8.0,0.0
772,1134.0,0.8,0.28,56.6,580.0,11.0,94.0,8.0,0.0
773,1134.0,0.8,0.28,56.6,580.0,11.0,94.0,8.0,0.0
774,1134.0,0.8,0.28,56.6,580.0,11.0,94.0,8.0,0.0
775,1134.0,0.8,0.28,56.6,580.0,11.0,94.0,8.0,0.0
776,1133.0,0.9,0.28,56.6,580.0,11.0,94.0,8.0,0.0
777,1133.0,0.9,0.28,56.6,580.0,11.0,94.0,8.0,0.0
778,1133.0,0.9,0.28,56.6,580.0,11.0,94.0,8.0,0.0
779,1133.0,0.9,0.28,56.6,580.0,11.0,94.0,8.0,0.0
780,1133.0,1.0,0.28,56.6,580.0,11.0,94.0,8.0,0.0
781,1133.0,1.0,0.28,56.6,580.0,11.0,94.0,8.0,0.0
782,1133.0,1.0,0.28,56.6,580.0,11.0,94.0,8.0,0.0
783,1133.0,1.0,0.28,56.6,580.0,11.0,94.0,8.0,0.0
784,1132.0,1.1,0.28,56.6,580.0,11.0,94.0,8.0,0.0
785,1131.0,1.2,0.28,56.6,580.0,11.0,94.0,8.0,0.0
786,1131.0,1.2,0.28,56.6,580.0,11.0,94.0,8.0,0.0
787,1131.0,1.2,0.28,56.6,580.0,11.0,94.0,8.0,0.0
788,1131.0,1.2,0.28,56.6,580.0,11.0,94.0,8.0,0.0
789,1131.0,1.3,0.28,56.6,580.0,11.0,94.0,8.0,0.0
790,1130.0,1.4,0.28,56.6,580.0,11.0,94.0,8.0,0.0
791,1130.0,1.5,0.28,56.6,580.0,11.0,94.0,8.0,0.0
792,1129.0,1.6,0.28,56.6,580.0,11.0,94.0,8.0,0.0
793,1129.0,1.7,0.28,56.6,580.0,11.0,94.0,8.0,0.0
794,1129.0,1.7,0.28,56.6,580.0,11.0,94.0,8.0,0.0
795,1129.0,1.7,0.28,56.6,580.0,11.0,94.0,8.0,0.0
796,1129.0,1.7,0.28,56.6,580.0,11.0,94.0,8.0,0.0
797,1128.0,1.8,0.28,56.6,580.0,11.0,94.0,8.0,0.0
798,1127.0,1.9,0.28,56.6,580.0,11.0,94.0,8.0,0.0
799,1127.0,2.0,0.28,56.6,580.0,11.0,94.0,8.0,0.0
800,1126.0,2.1,0.28,56.6,580.0,11.0,94.0,8.0,0.0
801,1126.0,2.1,0.28,56.6,580.0,11.0,94.0,8.0,0.0
802,1126.0,2.1,0.28,56.6,580.0,11.0,94.0,8.0,0.0
803,1126.0,2.1,0.28,56.6,580.0,11.0,94.0,8.0,0.0
804,1126.0,2.2,0.28,56.6,580.0,11.0,94.0,8.0,0.0
805,1125.0,2.3,0.28,56.6,580.0,11.0,94.0,8.0,0.0
806,1125.0,2.3,0.28,56.6,580.0,11.0,94.0,8.0,0.0
807,1125.0,2.3,0.28,56.6,580.0,11.0,94.0,8.0,0.0
808,1125.0,2.3,0.28,56.6,580.0,11.0,94.0,8.0,0.0
809,1125.0,2.4,0.28,56.6,580.0,11.0,94.0,8.0,0.0
810,1124.0,2.5,0.28,56.6,580.0,11.0,94.0,8.0,0.0
811,1123.0,2.6,0.28,56.6,580.0,11.0,94.0,8.0,0.0
812,1123.0,2.6,0.28,56.6,580.0,11.0,94.0,8.0,0.0
813,1123.0,2.6,0.28,56.6,580.0,11.0,94.0,8.0,0.0
814,1123.0,2.6,0.28,56.6,580.0,11.0,94.0,8.0,0.0
815,1123.0,2.7,0.28,56.6,580.0,11.0,94.0,8.0,0.0
816,1122.0,2.8,0.28,56.6,580.0,11.0,94.0,8.0,0.0
817,1122.0,2.8,0.28,56.6,580.0,11.0,94.0,8.0,0.0
818,1122.0,2.8,0.28,56.6,580.0,11.0,94.0,8.0,0.0
819,1122.0,2.8,0.28,56.6,580.0,11.0,94.0,8.0,0.0
820,1121.0,2.9,0.28,56.6,580.0,11.0,94.0,8.0,0.0
821,1121.0,2.9,0.28,56.6,580.0,11.0,94.0,8.0,0.0
822,1121.0,3.0,0.28,56.6,580.0,11.0,94.0,8.0,0.0
823,1121.0,3.0,0.28,56.6,580.0,11.0,94.0,8.0,0.0
824,1121.0,3.0,0.28,56.6,580.0,11.0,94.0,8.0,0.0
825,1121.0,3.0,0.28,56.6,580.0,11.0,94.0,8.0,0.0
826,1120.0,3.1,0.28,56.6,580.0,11.0,94.0,8.0,0.0
827,1119.0,3.2,0.28,56.6,580.0,11.0,94.0,8.0,0.0
828,1119.0,3.2,0.28,56.6,580.0,11.0,94.0,8.0,0.0
829,1119.0,3.2,0.28,56.6,580.0,11.0,94.0,8.0,0.0
830,1119.0,3.2,0.28,56.6,580.0,11.0,94.0,8.0,0.0
831,1119.0,3.3,0.28,56.6,580.0,11.0,94.0,8.0,0.0
832,1118.0,3.4,0.28,56.6,580.0,11.0,94.0,8.0,0.0
833,1118.0,3.4,0.28,56.6,580.0,11.0,94.0,8.0,0.0
834,1118.0,3.4,0.28,56.6,580.0,11.0,94.0,8.0,0.0
835,1118.0,3.4,0.28,56.6,580.0,11.0,94.0,8.0,0.0
836,1117.0,3.5,0.28,56.6,580.0,11.0,94.0,8.0,0.0
837,1116.0,3.6,0.28,56.6,580.0,11.0,94.0,8.0,0.0
838,1116.0,3.6,0.28,56.6,580.0,11.0,94.0,8.0,0.0
839,1116.0,3.6,0.28,56.6,580.0,11.0,94.0,8.0,0.0
840,1116.0,3.6,0.28,56.6,580.0,11.0,94.0,8.0,0.0
841,1115.0,3.7,0.28,56.6,580.0,11.0,94.0,8.0,0.0
842,1115.0,3.7,0.28,56.6,580.0,11.0,94.0,8.0,0.0
843,1115.0,3.7,0.28,56.6,580.0,11.0,94.0,8.0,0.0
844,1115.0,3.7,0.28,56.6,580.0,11.0,94.0,8.0,0.0
845,1114.0,3.8,0.28,56.6,580.0,11.0,94.0,8.0,0.0
846,1114.0,3.9,0.28,56.6,580.0,11.0,94.0,8.0,0.0
847,1114.0,3.9,0.28,56.6,580.0,11.0,94.0,8.0,0.0
848,1114.0,3.9,0.28,56.6,580.0,11.0,94.0,8.0,0.0
849,1114.0,3.9,0.28,56.6,580.0,11.0,94.0,8.0,0.0
850,1113.0,4.0,0.28,56.6,580.0,11.0,94.0,8.0,0.0
851,1112.0,4.1,0.28,56.6,580.0,11.0,94.0,8.0,0.0
852,1112.0,4.1,0.28,56.6,580.0,11.0,94.0,8.0,0.0
853,1112.0,4.1,0.28,56.6,580.0,11.0,94.0,8.0,0.0
854,1112.0,4.1,0.28,56.6,580.0,11.0,94.0,8.0,0.0
855,1111.0,4.2,0.28,56.6,580.0,11.0,94.0,8.0,0.0
856,1111.0,4.2,0.28,56.6,580.0,11.0,94.0,8.0,0.0
857,1111.0,4.2,0.28,56.6,580.0,11.0,94.0,8.0,0.0
858,1111.0,4.2,0.28,56.6,580.0,11.0,94.0,8.0,0.0
859,1110.0,4.3,0.28,56.6,580.0,11.0,94.0,8.0,0.0
860,1108.0,4.4,0.28,56.6,580.0,11.0,94.0,8.0,0.0
861,1108.0,4.4,0.28,56.6,580.0,11.0,94.0,8.0,0.0
862,1108.0,4.4,0.28,56.6,580.0,11.0,94.0,8.0,0.0
863,1108.0,4.4,0.28,56.6,580.0,11.0,94.0,8.0,0.0
864,1107.0,4.5,0.28,56.6,580.0,11.0,94.0,8.0,0.0
865,1107.0,4.5,0.28,56.6,580.0,11.0,94.0,8.0,0.0
866,1107.0,4.5,0.28,56.6,580.0,11.0,94.0,8.0,0.0
867,1107.0,4.5,0.28,56.6,580.0,11.0,94.0,8.0,0.0
868,1106.0,4.6,0.28,56.6,580.0,11.0,94.0,8.0,0.0
869,1106.0,4.6,0.28,56.6,580.0,11.0,94.0,8.0,0.0
870,1106.0,4.6,0.28,56.6,580.0,11.0,94.0,8.0,0.0
871,1106.0,4.6,0.28,56.6,580.0,11.0,94.0,8.0,0.0
872,1105.0,4.7,0.28,56.6,580.0,11.0,94.0,8.0,0.0
873,1105.0,4.7,0.28,56.6,580.0,11.0,94.0,8.0,0.0
874,1105.0,4.7,0.28,56.6,580.0,11.0,94.0,8.0,0.0
875,1105.0,4.7,0.28,56.6,580.0,11.0,94.0,8.0,0.0
876,1104.0,4.8,0.28,56.6,580.0,11.0,94.0,8.0,0.0
877,1104.0,4.8,0.28,56.6,580.0,11.0,94.0,8.0,0.0
878,1104.0,4.8,0.28,56.6,580.0,11.0,94.0,8.0,0.0
879,1104.0,4.8,0.28,56.6,580.0,11.0,94.0,8.0,0.0
880,1102.0,4.9,0.28,56.6,580.0,11.0,94.0,8.0,0.0
881,1102.0,4.9,0.28,56.6,580.0,11.0,94.0,8.0,0.0
882,1102.0,4.9,0.28,56.6,580.0,11.0,94.0,8.0,0.0
883,1102.0,4.9,0.28,56.6,580.0,11.0,94.0,8.0,0.0
884,1101.0,5.0,0.28,56.6,580.0,11.0,94.0,8.0,0.0
885,1101.0,5.0,0.28,56.6,580.0,11.0,94.0,8.0,0.0
886,1101.0,5.0,0.28,56.6,580.0,11.0,94.0,8.0,0.0
887,1101.0,5.0,0.28,56.6,580.0,11.0,94.0,8.0,0.0
888,403.0,0.1,0.28,35.6,580.0,11.0,94.0,8.0,0.0
889,403.0,0.1,0.28,35.6,580.0,11.0,94.0,8.0,0.0
890,403.0,0.1,0.28,35.6,580.0,11.0,94.0,8.0,0.0
891,402.0,0.2,0.28,35.6,580.0,11.0,94.0,8.0,0.0
892,402.0,0.2,0.28,35.6,580.0,11.0,94.0,8.0,0.0
893,402.0,0.2,0.28,35.6,580.0,11.0,94.0,8.0,0.0
894,401.0,0.3,0.28,35.6,580.0,11.0,94.0,8.0,0.0
895,401.0,0.3,0.28,35.6,580.0,11.0,94.0,8.0,0.0
896,401.0,0.3,0.28,35.6,580.0,11.0,94.0,8.0,0.0
897,400.0,0.4,0.28,35.6,580.0,11.0,94.0,8.0,0.0
898,400.0,0.4,0.28,35.6,580.0,11.0,94.0,8.0,0.0
899,400.0,0.4,0.28,35.6,580.0,11.0,94.0,8.0,0.0
900,399.0,0.5,0.28,35.6,580.0,11.0,94.0,8.0,0.0
901,399.0,0.5,0.28,35.6,580.0,11.0,94.0,8.0,0.0
902,399.0,0.5,0.28,35.6,580.0,11.0,94.0,8.0,0.0
903,399.0,0.6,0.28,35.6,580.0,11.0,94.0,8.0,0.0
904,399.0,0.6,0.28,35.6,580.0,11.0,94.0,8.0,0.0
905,399.0,0.6,0.28,35.6,580.0,11.0,94.0,8.0,0.0
906,398.0,0.7,0.28,35.6,580.0,11.0,94.0,8.0,0.0
907,398.0,0.7,0.28,35.6,580.0,11.0,94.0,8.0,0.0
908,398.0,0.7,0.28,35.6,580.0,11.0,94.0,8.0,0.0
909,397.0,0.8,0.28,35.6,580.0,11.0,94.0,8.0,0.0
910,397.0,0.8,0.28,35.6,580.0,11.0,94.0,8.0,0.0
911,397.0,0.8,0.28,35.6,580.0,11.0,94.0,8.0,0.0
912,396.0,1.0,0.28,35.6,580.0,11.0,94.0,8.0,0.0
913,396.0,1.0,0.28,35.6,580.0,11.0,94.0,8.0,0.0
914,396.0,1.0,0.28,35.6,580.0,11.0,94.0,8.0,0.0
915,396.0,1.1,0.28,35.6,580.0,11.0,94.0,8.0,0.0
916,396.0,1.1,0.28,35.6,580.0,11.0,94.0,8.0,0.0
917,396.0,1.1,0.28,35.6,580.0,11.0,94.0,8.0,0.0
918,395.0,1.2,0.28,35.6,580.0,11.0,94.0,8.0,0.0
919,395.0,1.2,0.28,35.6,580.0,11.0,94.0,8.0,0.0
920,395.0,1.2,0.28,35.6,580.0,11.0,94.0,8.0,0.0
921,394.0,1.4,0.28,35.6,580.0,11.0,94.0,8.0,0.0
922,394.0,1.4,0.28,35.6,580.0,11.0,94.0,8.0,0.0
923,394.0,1.4,0.28,35.6,580.0,11.0,94.0,8.0,0.0
924,394.0,1.5,0.28,35.6,580.0,11.0,94.0,8.0,0.0
925,394.0,1.5,0.28,35.6,580.0,11.0,94.0,8.0,0.0
926,394.0,1.5,0.28,35.6,580.0,11.0,94.0,8.0,0.0
927,393.0,1.8,0.28,35.6,580.0,11.0,94.0,8.0,0.0
928,393.0,1.8,0.28,35.6,580.0,11.0,94.0,8.0,0.0
929,393.0,1.8,0.28,35.6,580.0,11.0,94.0,8.0,0.0
930,391.0,2.8,0.28,35.6,580.0,11.0,94.0,8.0,0.0
931,391.0,2.8,0.28,35.6,580.0,11.0,94.0,8.0,0.0
932,391.0,2.8,0.28,35.6,580.0,11.0,94.0,8.0,0.0
933,390.0,3.1,0.28,35.6,580.0,11.0,94.0,8.0,0.0
934,390.0,3.1,0.28,35.6,580.0,11.0,94.0,8.0,0.0
935,390.0,3.1,0.28,35.6,580.0,11.0,94.0,8.0,0.0
936,389.0,3.3,0.28,35.6,580.0,11.0,94.0,8.0,0.0
937,389.0,3.3,0.28,35.6,580.0,11.0,94.0,8.0,0.0
938,389.0,3.3,0.28,35.6,580.0,11.0,94.0,8.0,0.0
939,389.0,3.4,0.28,35.6,580.0,11.0,94.0,8.0,0.0
940,389.0,3.4,0.28,35.6,580.0,11.0,94.0,8.0,0.0
941,389.0,3.4,0.28,35.6,580.0,11.0,94.0,8.0,0.0
942,388.0,3.6,0.28,35.6,580.0,11.0,94.0,8.0,0.0
943,388.0,3.6,0.28,35.6,580.0,11.0,94.0,8.0,0.0
944,388.0,3.6,0.28,35.6,580.0,11.0,94.0,8.0,0.0
945,388.0,3.7,0.28,35.6,580.0,11.0,94.0,8.0,0.0
946,388.0,3.7,0.28,35.6,580.0,11.0,94.0,8.0,0.0
947,388.0,3.7,0.28,35.6,580.0,11.0,94.0,8.0,0.0
948,387.0,3.8,0.28,35.6,580.0,11.0,94.0,8.0,0.0
949,387.0,3.8,0.28,35.6,580.0,11.0,94.0,8.0,0.0
950,387.0,3.8,0.28,35.6,580.0,11.0,94.0,8.0,0.0
951,386.0,3.9,0.28,35.6,580.0,11.0,94.0,8.0,0.0
952,386.0,3.9,0.28,35.6,580.0,11.0,94.0,8.0,0.0
953,386.0,3.9,0.28,35.6,580.0,11.0,94.0,8.0,0.0
954,386.0,4.0,0.28,35.6,580.0,11.0,94.0,8.0,0.0
955,386.0,4.0,0.28,35.6,580.0,11.0,94.0,8.0,0.0
956,386.0,4.0,0.28,35.6,580.0,11.0,94.0,8.0,0.0
957,385.0,4.1,0.28,35.6,580.0,11.0,94.0,8.0,0.0
958,385.0,4.1,0.28,35.6,580.0,11.0,94.0,8.0,0.0
959,385.0,4.1,0.28,35.6,580.0,11.0,94.0,8.0,0.0
960,384.0,4.2,0.28,35.6,580.0,11.0,94.0,8.0,0.0
961,384.0,4.2,0.28,35.6,580.0,11.0,94.0,8.0,0.0
962,384.0,4.2,0.28,35.6,580.0,11.0,94.0,8.0,0.0
963,383.0,4.3,0.28,35.6,580.0,11.0,94.0,8.0,0.0
964,383.0,4.3,0.28,35.6,580.0,11.0,94.0,8.0,0.0
965,383.0,4.3,0.28,35.6,580.0,11.0,94.0,8.0,0.0
966,382.0,4.4,0.28,35.6,580.0,11.0,94.0,8.0,0.0
967,382.0,4.4,0.28,35.6,580.0,11.0,94.0,8.0,0.0
968,382.0,4.4,0.28,35.6,580.0,11.0,94.0,8.0,0.0
969,381.0,4.5,0.28,35.6,580.0,11.0,94.0,8.0,0.0
970,381.0,4.5,0.28,35.6,580.0,11.0,94.0,8.0,0.0
971,381.0,4.5,0.28,35.6,580.0,11.0,94.0,8.0,0.0
972,380.0,4.6,0.28,35.6,580.0,11.0,94.0,8.0,0.0
973,380.0,4.6,0.28,35.6,580.0,11.0,94.0,8.0,0.0
974,380.0,4.6,0.28,35.6,580.0,11.0,94.0,8.0,0.0
975,379.0,4.7,0.28,35.6,580.0,11.0,94.0,8.0,0.0
976,379.0,4.7,0.28,35.6,580.0,11.0,94.0,8.0,0.0
977,379.0,4.7,0.28,35.6,580.0,11.0,94.0,8.0,0.0
978,378.0,4.8,0.28,35.6,580.0,11.0,94.0,8.0,0.0
979,378.0,4.8,0.28,35.6,580.0,11.0,94.0,8.0,0.0
980,378.0,4.8,0.28,35.6,580.0,11.0,94.0,8.0,0.0
981,376.0,4.9,0.28,35.6,580.0,11.0,94.0,8.0,0.0
982,376.0,4.9,0.28,35.6,580.0,11.0,94.0,8.0,0.0
983,376.0,4.9,0.28,35.6,580.0,11.0,94.0,8.0,0.0
984,375.0,5.0,0.28,35.6,580.0,11.0,94.0,8.0,0.0
985,375.0,5.0,0.28,35.6,580.0,11.0,94.0,8.0,0.0
986,375.0,5.0,0.28,35.6,580.0,11.0,94.0,8.0,0.0
